customer_id,customer_name,total_sales,total_profit
CC-16649-79769,Charles Carter,11501.0,1686.0
DB-71954-63594,Danielle Brooks,2298.0,239.0
JS-50655-69183,Jeremy Soto,20937.0,4245.0
DB-67556-27860,David Boyd,8771.0,1512.0
EW-88828-50303,Ethan White,687.0,56.0
BG-47142-37246,Brittney Gutierrez,1037.0,148.0
HC-79558-95499,Heather Carter,6680.0,1743.0
ST-15777-24702,Steve Thomas,13261.0,2225.0
DR-49364-80998,Danielle Roy,8312.0,1469.0
JK-11972-31353,Jonathan Kelley,10456.0,1976.0
LS-95613-44037,Latoya Sanders,11065.0,2097.0
SH-17917-63728,Scott Hayes,8111.0,1397.0
KH-33297-63861,Kathryn Hendrix,7022.0,1295.0
RT-87632-12487,Rebecca Turner,11990.0,2079.0
DH-99426-71897,Debra Hahn,15478.0,2903.0
TJ-51897-54328,Timothy Johnson,2506.0,221.0
CL-81193-44195,Christopher Lee,8259.0,1584.0
KG-75053-96245,Kathryn Green,128.0,38.0
SB-37195-76223,Stephen Burton,376.0,34.0
DS-66963-11436,Deborah Serrano,13786.0,2240.0
CN-36274-65308,Carl Nelson,11568.0,2438.0
ES-36026-45125,Edward Serrano,1452.0,338.0
MS-33104-12330,Michael Schultz,1335.0,233.0
MZ-76401-10473,Mary Zamora,7176.0,1311.0
RG-14536-48603,Rebecca Gibson,11808.0,1773.0
NS-98788-25784,Nicholas Smith,497.0,38.0
MM-85074-56821,Michael Morales,10421.0,1796.0
RH-23945-45153,Robert Hess,4198.0,1076.0
JL-34255-12302,Jose Long,6846.0,1312.0
MW-26822-66330,Mr. Keith White,11310.0,1936.0
BH-10996-92451,Bryan Hopkins,9448.0,1690.0
JN-36992-63012,Julie Newton,481.0,43.0
SP-81899-86410,Sarah Parks,18035.0,2100.0
MM-77761-87767,Melissa Mcdonald,9797.0,1558.0
MD-48053-94708,Melissa Allen DDS,682.0,52.0
BP-16679-54809,Brenda Parker,8556.0,1417.0
ML-29836-11837,Melissa Lamb,4262.0,771.0
SK-21467-84842,Sarah Kim,17205.0,3337.0
TR-75407-74542,Timothy Reed,7429.0,1309.0
AS-97008-96823,Anthony Shepherd,304.0,49.0
AF-70783-78268,Angela Foster,7102.0,1170.0
AP-63264-88786,Adam Palmer,1138.0,190.0
DR-33329-52500,Dr. Jesse Reyes,620.0,94.0
WR-37328-79490,William Rogers,1286.0,214.0
LD-54568-75748,Lori Stephens DDS,1061.0,191.0
BW-42185-28728,Belinda Woodard,14052.0,2022.0
TB-42883-52200,Tabitha Barton,7806.0,1326.0
ND-57336-80172,Nicole Davis,16059.0,2901.0
CB-39640-99136,Caroline Brooks,595.0,125.0
ME-23369-48553,Michael Ellis,11014.0,2077.0
RA-17199-34218,Rebecca Alvarez,941.0,76.0
JR-17805-41645,Jeffrey Rodriguez,641.0,125.0
GW-56406-78707,Gregory Williams,571.0,119.0
JM-67162-72506,Jeremiah Munoz,6796.0,1337.0
DC-30142-50109,Diana Cohen,9634.0,1623.0
SV-94416-53609,Sharon Valencia,6825.0,1263.0
AH-46190-83914,Adam Haley,1381.0,140.0
CW-65959-18770,Carolyn Winters,595.0,151.0
KM-14609-16726,Kathleen Mcgrath,145.0,40.0
KS-75098-17579,Kevin Spencer,1211.0,186.0
JF-73909-13496,Joe Fitzgerald,5512.0,1050.0
AR-63935-12381,April Rose,822.0,171.0
JH-21422-94507,Jesus Hall,276.0,66.0
TJ-90256-16375,Theresa Jarvis,8683.0,1472.0
JA-78297-63842,John Armstrong,34882.0,4949.0
CS-95296-42166,Carol Soto,3363.0,475.0
MW-37352-98336,Michelle Warner,7754.0,1383.0
EJ-33896-71534,Eric Jacobs,18198.0,4350.0
BE-46879-27773,Benjamin Escobar,10083.0,1412.0
SK-11926-97816,Stephanie Krause,1355.0,242.0
DR-81415-94682,David Rodriguez,1770.0,307.0
ED-78238-47833,Emily Dickson,8235.0,1553.0
KA-12321-85020,Kelsey Alvarez,8984.0,1479.0
EM-51780-36738,Eric Martinez,298.0,56.0
CB-45650-90192,Caleb Brown,16601.0,2635.0
MW-62510-40648,Mary Ward,1573.0,278.0
AE-33622-97029,Anna Espinoza,11362.0,2181.0
JC-20032-57467,Jeremy Cortez,839.0,209.0
BS-42455-90764,Brian Stevens,7047.0,1358.0
AK-31865-22255,Ann Knight,5971.0,847.0
MR-57757-29288,Mary Rose,444.0,115.0
DR-43032-59065,Diana Robinson,6949.0,961.0
KL-68809-86421,Kevin Lewis,12053.0,1965.0
JL-75474-65640,Joseph Lewis,17897.0,2535.0
MG-96014-60670,Michael Gordon,463.0,97.0
WJ-28533-77658,William Johnson,6452.0,977.0
CA-41465-98052,Cristian Anderson,1110.0,138.0
LF-37018-26836,Lee Flynn,12172.0,2027.0
CM-55130-71209,Christine Miranda,8111.0,1417.0
PT-46002-82453,Patrick Trujillo,7344.0,1082.0
BW-35343-19025,Brandon Wise,1677.0,212.0
AM-39014-90830,Alyssa Cox MD,1809.0,209.0
JT-75838-17601,Jamie Taylor,6952.0,1143.0
LM-93437-23404,Lynn Martin,704.0,92.0
EM-54786-71615,Erik Mitchell,8051.0,1176.0
DM-92848-28978,David Martin,9316.0,1535.0
JL-53716-44077,Jonathan Lewis,729.0,149.0
DM-45343-98704,Drew Moses,13040.0,2548.0
TO-82190-97437,Tiffany Odom,577.0,122.0
JP-19362-89446,Jonathan Peterson,710.0,91.0
RH-98141-43184,Richard Hodges,13100.0,1550.0
KW-11220-22007,Kimberly Wood,10479.0,2094.0
EP-76743-57941,Elizabeth Scott PhD,892.0,124.0
DJ-91542-69667,Danielle Johnson,228.0,32.0
SL-90559-63116,Shane Lee,400.0,107.0
KJ-46493-73290,Kimberly Jordan,247.0,38.0
DL-75703-81306,Douglas Lee,6976.0,979.0
WF-93431-75945,Wanda Fernandez,10416.0,1737.0
RH-63985-80864,Robert Hall,1001.0,147.0
KA-78076-99145,Kevin Anderson,13440.0,2139.0
SG-61757-99801,Samuel Garcia,2129.0,253.0
KH-72267-53213,Kathryn Ho,9840.0,1407.0
JH-25513-75063,Justin Hernandez,5239.0,879.0
MW-29622-74905,Michael Washington,1684.0,257.0
JR-97900-39685,Jennifer Ryan,9162.0,1353.0
AN-88843-72305,Angela Nguyen,12825.0,2155.0
AR-30918-29467,Angel Robbins,141.0,13.0
LB-69609-10610,Lindsey Brown,1110.0,155.0
AS-40912-66417,Amanda Stephens,3292.0,432.0
AJ-12081-38400,Alicia Jones,474.0,50.0
EE-48079-66019,Eric Elliott,23442.0,5162.0
DH-40652-63118,Dawn Harrison,9529.0,1599.0
AJ-13479-32101,Alexandra Jennings,13354.0,2044.0
NW-80343-89219,Nicholas Williams,8320.0,1852.0
JH-15483-17327,John Howard,666.0,85.0
EH-38996-48230,Erica Hahn,61.0,9.0
JG-91725-95078,Jack Gates,1313.0,230.0
RC-46637-76772,Rebecca Campbell,261.0,40.0
JT-61666-10050,Jacob Tucker,7058.0,1287.0
JW-97772-87535,Joyce Wood,7056.0,1048.0
PJ-72661-18301,Pamela Jensen,777.0,141.0
JC-92210-58105,James Choi,5309.0,942.0
MN-17213-95880,Mark Nicholson,12637.0,2514.0
AF-97145-70480,Aaron Fox,10783.0,1776.0
PW-47014-35254,Paula Whitehead,12703.0,2298.0
ER-90521-22727,Edward Rivera,8765.0,1580.0
AP-87139-98614,Amy Paul,10474.0,1510.0
SM-60733-63514,Stephen Martin,11295.0,2543.0
ES-39815-39227,Elizabeth Sawyer,571.0,131.0
MS-13228-23124,Meredith Smith,16130.0,3043.0
MB-63113-41531,Matthew Burch,1550.0,408.0
NB-44403-40490,Nichole Baker,10795.0,2080.0
ML-23905-29419,Mrs. Marilyn Lewis,625.0,96.0
BB-43054-29769,Brittany Brown,8520.0,1594.0
ML-80539-43586,Marie Lin,1226.0,251.0
MG-49128-59302,Michael Graham,14459.0,1952.0
KT-92040-72526,Katherine Thomas,7930.0,1234.0
CM-46470-27388,Christopher Mckenzie,2744.0,445.0
CR-50495-64582,Christine Reynolds,9244.0,1686.0
JR-46694-55476,Jonathan Rose,316.0,67.0
TD-66309-73111,Tony Duncan,527.0,73.0
DR-62926-20797,David Reeves,7949.0,1438.0
RH-31854-48719,Ryan Hall,1154.0,236.0
LG-97901-99212,Lisa Gonzales,51.0,11.0
MM-65693-65417,Monique Moody,6790.0,1038.0
AW-49788-99476,Amy Wright,3705.0,382.0
LH-28274-33312,Lauren Hill,1127.0,208.0
DP-92496-45193,Daniel Price,1597.0,290.0
BH-45682-90605,Barry House,1092.0,153.0
AM-30199-91161,Amy Martinez,1264.0,287.0
ER-80114-39768,Eric Rodriguez,7796.0,1892.0
JR-22704-17974,Jonathan Reyes,9949.0,1693.0
JH-55743-45325,Jessica Hansen,759.0,109.0
ST-16866-43501,Sherry Taylor,9725.0,1472.0
JH-46832-88532,Jeremiah Hansen,914.0,194.0
JH-12814-91509,Janet Hernandez,27118.0,4502.0
JG-77939-94756,Jodi Garcia,1331.0,222.0
JM-76195-87795,Joseph Miles,6129.0,1029.0
ET-65811-76146,Elizabeth Thomas,778.0,92.0
BW-76183-70124,Brianna Walters,978.0,168.0
RM-56655-62592,Robert Mcdaniel,8589.0,1432.0
JR-51481-80584,Joseph Ross,5639.0,831.0
SP-63810-54284,Shane Perez,300.0,37.0
CR-84473-20607,Cameron Ray,10408.0,1901.0
CL-68732-62435,Cynthia Long,883.0,219.0
IW-34707-76069,Isaiah Williamson,91.0,23.0
NM-23315-34904,Nicole Cook MD,1552.0,374.0
AG-43310-29182,Amanda Garcia,1269.0,170.0
MR-75804-85309,Michael Reed,4689.0,819.0
AR-72423-28696,Anne Richards,11389.0,1782.0
XA-64733-32200,Xavier Ashley,4164.0,967.0
TS-86947-63674,Tammy Salazar,9525.0,1594.0
RP-47519-77317,Rebecca Parker,6738.0,1101.0
AC-25623-62811,Aaron Carroll,7358.0,1380.0
BC-68040-17803,Brooke Coleman,4813.0,987.0
LJ-90882-15593,Louis Johnson,9160.0,2459.0
MA-59650-28737,Melissa Aguirre,2469.0,314.0
SM-12769-80681,Shelby Mcdonald,6871.0,1377.0
DW-29472-42684,David Wiggins,478.0,55.0
RH-78465-13909,Randy Huerta,2586.0,354.0
SL-56662-92317,Susan Lopez,20544.0,2908.0
EO-67473-39934,Elizabeth Olson,503.0,53.0
SR-61290-30665,Stanley Rodriguez,8406.0,1506.0
MK-98443-95222,Michael Kelly,658.0,90.0
NB-23067-46234,Nicole Barnes,10287.0,1986.0
RB-43707-55137,Robin Bauer,10446.0,1896.0
DM-80767-13172,Dr. Katelyn Leach MD,1300.0,248.0
MM-49817-62222,Melissa Martin,7026.0,1327.0
DB-37216-18345,Donald Berry,640.0,143.0
CZ-40352-92707,Christine Zuniga,9240.0,1099.0
RS-57941-92119,Roger Scott,367.0,34.0
CH-28265-70098,Christine Hammond,11548.0,2022.0
TW-75850-92134,Tonya Winters,8105.0,1436.0
RM-51099-77924,Robyn Mendez,509.0,81.0
KL-94468-31648,Kimberly Love,14142.0,3036.0
AH-94028-39517,Austin Huber,343.0,100.0
AS-57907-79442,Abigail Snow,7659.0,1486.0
ML-32500-38229,Mark Lozano,1247.0,212.0
DM-40335-93550,Deborah Miller,1040.0,95.0
LK-41828-95144,Leslie Kidd,8482.0,1312.0
RW-64652-25509,Raymond Williams,9918.0,1830.0
JT-37954-87966,James Travis,3606.0,660.0
JW-51946-58564,Jason Wilson,9749.0,1703.0
CW-35873-91427,Cynthia Williams,9529.0,1357.0
TC-87967-58212,Tiffany Cook,613.0,91.0
AR-53498-98381,Ariana Robinson,18964.0,3205.0
AY-44759-31677,Allison Yang,1121.0,238.0
JW-22453-52363,Johnny Wright,11494.0,1607.0
MB-58379-73000,Michelle Baker,1074.0,169.0
DR-11134-54172,Donna Rogers,186.0,41.0
BL-31016-46128,Beverly Lucas,1444.0,158.0
DM-63283-38552,Daniel Maynard,9130.0,1658.0
GM-68458-26448,Gerald Moore,326.0,95.0
AS-70703-66515,Amanda Smith,12985.0,2179.0
MB-90244-55087,Michelle Berry,482.0,95.0
DC-81418-95692,Darrell Clark,209.0,54.0
DB-18241-51706,Donna Barron,1294.0,333.0
SJ-74772-55941,Susan Johns,211.0,33.0
HH-83971-40379,Heather Hernandez,318.0,73.0
JS-89761-70738,Joseph Smith,460.0,33.0
JV-62441-11737,Jennifer Velasquez,5619.0,971.0
RL-34943-59606,Robert Lee,8904.0,1563.0
HC-48966-93672,Hector Collins,7341.0,1129.0
AT-29233-86704,Ariel Thomas,859.0,113.0
JT-99965-50114,Joshua Tran,3163.0,577.0
VW-69938-74646,Vanessa Walsh,6921.0,1142.0
MW-69986-13942,Matthew Williams,125.0,7.0
CM-38129-33113,Chloe Matthews,13230.0,2634.0
KJ-31714-59838,Katherine Jimenez,9557.0,1503.0
MG-50803-78418,Michael Garcia,8665.0,1592.0
LP-84040-63960,Luis Morris PhD,7958.0,1104.0
JT-92248-89924,Juan Tran,9625.0,1712.0
DJ-16794-89313,Denise Johnson,466.0,117.0
MT-13949-55541,Meghan Trevino,1701.0,305.0
BS-10086-91181,Brianna Sanders,338.0,71.0
KR-11517-55696,Kimberly Robles,4942.0,930.0
RS-40196-80130,Ryan Sutton,384.0,57.0
CW-80207-58303,Courtney Ware,412.0,108.0
JM-70920-64134,John Miller,10337.0,1892.0
JM-89063-84532,John Miller,5252.0,944.0
CH-23565-20095,Christopher Hernandez,187.0,56.0
MH-63417-76955,Maria Hernandez,573.0,97.0
AD-85322-50877,Ashley Dawson,2544.0,311.0
GH-81603-64816,Gregory Hernandez,10882.0,2191.0
DF-99933-26096,Donald Francis,7952.0,1178.0
BM-51261-44533,Brittany Willis MD,6047.0,1247.0
GH-88517-69755,Gregory Hoover,1759.0,312.0
SW-92889-12710,Sara Waller,1133.0,211.0
DG-48512-22707,Darren Gomez,319.0,61.0
JM-17197-97761,Jessica Mcneil,768.0,156.0
NA-40672-76604,Nathan Aguilar,7760.0,1441.0
LP-84221-84451,Linda Perry,10028.0,1613.0
HC-29516-79376,Heather Cervantes,1409.0,199.0
JS-47223-59730,John Shaw,8442.0,1627.0
MP-83934-89747,Mark Pacheco,10425.0,3031.0
MJ-34913-26295,Michael Johnson,8585.0,1432.0
EE-26534-87028,Eric Edwards,8045.0,1142.0
JL-68278-94431,Joshua Lewis,4629.0,788.0
TH-53049-79611,Timothy Hill,7405.0,1284.0
KG-20509-53924,Kevin Gonzales,18335.0,3107.0
WC-16628-79255,Wesley Chen,369.0,60.0
MP-19846-58401,Monique Perry,90.0,26.0
DB-37159-17875,Dennis Brown,10979.0,1950.0
CP-13916-26130,Cameron Perez,1615.0,428.0
AS-15520-38837,Angela Smith,4600.0,700.0
CW-91930-23002,Cassandra Williams,586.0,156.0
JR-57196-47419,Jonathan Rich,618.0,140.0
MD-65912-37177,Michelle Douglas,26296.0,5740.0
TF-26671-22755,Thomas Fowler,786.0,135.0
KW-62272-87798,Krystal Walter,9038.0,1688.0
VM-27837-68284,Victoria Moore,17305.0,3549.0
JB-40308-32293,Jacob Burke,330.0,45.0
MB-74279-37577,Michael Baker,807.0,125.0
AM-41116-52840,Angela Mccall,1408.0,200.0
PR-20443-41758,Paul Rodgers,1005.0,176.0
JG-43180-63507,Jacob Galloway,5684.0,785.0
AL-67319-31785,Aimee Lee,7072.0,1088.0
AH-62516-64972,Annette Hansen,722.0,80.0
LY-35525-77874,Linda Young,396.0,98.0
KC-59574-18786,Krystal Chan,10462.0,2055.0
NH-15997-32552,Nicole Henderson,4672.0,846.0
MB-69986-52579,Mary Braun,109.0,8.0
CB-89342-16827,Carol Beard,10272.0,2963.0
SS-88354-18433,Sean Spencer,143.0,40.0
LL-95390-94835,Larry Levy,1295.0,276.0
MS-55975-90233,Matthew Solis,2961.0,507.0
TZ-37991-31990,Tracy Zhang,655.0,74.0
JR-70940-17611,Jeffrey Rojas,7118.0,1381.0
DS-48166-16242,Deborah Smith,1207.0,120.0
MC-36857-34024,Michelle Cook,8960.0,1539.0
PM-24542-68332,Pamela Martin,17518.0,4135.0
JH-94869-75132,Jeanette Hughes,455.0,46.0
MW-81707-39090,Michael Woods,1751.0,260.0
PP-19738-13427,Pamela Perez,93.0,28.0
JO-43650-94464,James Ortega,148.0,39.0
LR-84101-33249,Levi Ruiz,7119.0,1121.0
CR-62574-97744,Crystal Reed,22088.0,4209.0
JM-29316-73339,Jamie Lopez MD,9501.0,1558.0
WG-66025-12933,William Galloway,12269.0,2530.0
BA-15075-21462,Brandy Allen,15369.0,2785.0
KB-59551-51635,Kristine Brooks,1298.0,301.0
SA-49487-47626,Stacey Anderson,699.0,61.0
KC-79787-71003,Karen Castillo,14675.0,2841.0
KM-58828-25893,Kristin Mitchell,851.0,89.0
JC-34852-64318,Jeffrey Chapman,673.0,73.0
JS-87408-21299,Jeffrey Scott,6353.0,1297.0
DB-38951-98872,David Barnes,2201.0,549.0
KG-81493-60805,Kathryn Green,799.0,65.0
MJ-59800-42233,Michael Jones,1822.0,395.0
CS-60731-85411,Christopher Sparks,10461.0,1690.0
KH-42532-96631,Kimberly Hanson,10139.0,1646.0
LD-93554-37785,Lori Blankenship DDS,20972.0,4209.0
TK-97509-27568,Timothy Knight,221.0,12.0
PM-77288-77322,Pamela Mccall,9666.0,1624.0
AL-57988-35523,Alison Lowe,11072.0,2127.0
SM-92662-21835,Stacey Mccarty,770.0,181.0
CN-72481-63146,Chelsea Nelson,88.0,13.0
JY-61877-89851,James Young,1609.0,281.0
AA-89314-34914,Amy Adams,8803.0,1702.0
DL-50174-41831,Debra Lynch,9418.0,1589.0
TS-97424-33332,Timothy Singleton,214.0,12.0
PM-39829-34798,Patrick Morgan,907.0,161.0
KW-41422-87124,Krista White,7590.0,1202.0
DH-13649-41075,Dustin Hill,1130.0,255.0
MS-39460-38127,Mark Sullivan,1249.0,207.0
BW-39901-76930,Beverly Williams,244.0,22.0
NB-38303-32303,Natasha Barrett,552.0,140.0
MP-50378-27046,Morgan Pierce,184.0,13.0
JF-72867-95874,Joshua Fisher,9329.0,1607.0
JS-49170-86018,Jordan Swanson,8097.0,1472.0
EH-86854-72202,Elizabeth Hall,641.0,119.0
DM-13844-67961,Deborah Mendoza,998.0,215.0
WH-21826-87059,William Holmes,1447.0,265.0
TS-16052-30591,Tony Smith,1236.0,220.0
KD-96394-74167,Krista Delgado,1983.0,448.0
AR-23641-99575,Ann Rojas,594.0,75.0
MR-24075-31747,Melvin Richardson,4156.0,726.0
DD-22272-31647,Deborah Davis,8642.0,1669.0
JH-12506-25580,Jennifer Hatfield,371.0,96.0
RB-56437-92397,Ryan Brown,7334.0,1522.0
MN-32942-42401,Michael Nelson,317.0,64.0
JS-23194-97127,Joe Sutton,6841.0,1019.0
AM-16275-78474,Allen Price MD,153.0,31.0
EW-55409-44997,Elizabeth Weiss,13447.0,1574.0
JK-15694-24857,Jeffery Kim,1790.0,208.0
JL-59485-95144,Jennifer Lopez,10993.0,2136.0
JD-52604-17788,Jason Long DDS,7381.0,1304.0
JC-54307-53848,Justin Carroll,11018.0,1748.0
DA-48211-82971,Dennis Allen,577.0,73.0
MW-72339-81967,Mary Williams,6764.0,1007.0
TM-77217-58573,Timothy Myers,245.0,72.0
AB-60355-51790,Anthony Baldwin,524.0,95.0
MR-54218-53503,Meghan Rodriguez,780.0,140.0
DW-39844-28999,David Waters,528.0,129.0
MG-36777-70946,Margaret Garcia,499.0,94.0
TG-87706-19063,Tiffany Gonzalez,23357.0,2845.0
JR-65579-96816,James Rogers,89.0,9.0
CW-77630-11397,Carolyn Webb,182.0,22.0
AP-26573-84196,Austin Perkins,11969.0,2504.0
JS-28344-90863,Jonathan Shea,158.0,33.0
MJ-65761-53206,Melissa Johnson,7964.0,1471.0
MM-62824-26339,Mr. David Martinez,10164.0,1680.0
WB-59166-99268,Wendy Burton,6396.0,1009.0
CT-50985-88139,Christopher Taylor,2242.0,344.0
JB-75728-47458,Jeremy Bryant,8065.0,1500.0
MM-96380-98086,Michael Murray,26043.0,4611.0
VB-28424-42000,Vicki Byrd,600.0,56.0
JH-36332-84643,Jorge Holmes,816.0,211.0
AW-41561-83020,Andrew Wilson,1337.0,211.0
JB-17497-90007,Jillian Baldwin,964.0,165.0
BH-69863-59556,Brandi Hill,12038.0,2339.0
WG-27221-80371,William Garcia,7635.0,1376.0
NM-32179-24234,Nicholas Mcdonald,1668.0,367.0
JL-32746-76218,Jennifer Leon,149.0,12.0
TC-25132-63966,Troy Clark,9019.0,1784.0
NC-86256-46338,Nancy Curtis,740.0,139.0
MS-62015-94410,Matthew Smith,4066.0,747.0
BH-72667-83867,Brad Hensley,220.0,23.0
JF-40120-77930,Jennifer Franklin,219.0,50.0
CW-54253-35722,Catherine Wright,383.0,48.0
RM-61794-54720,Robin Martin,248.0,63.0
WS-67083-14725,Wesley Stokes,1655.0,353.0
SR-47948-32537,Sarah Robinson,6862.0,1320.0
ET-15227-58170,Eddie Tucker,17420.0,4042.0
RW-73992-24067,Robert Watkins,16083.0,2925.0
LG-35428-36225,Laurie Gonzales,2493.0,457.0
RE-99643-50020,Regina Edwards,8041.0,1499.0
AD-14175-50331,Andrew Diaz,10471.0,1707.0
BA-66593-99928,Brandon Allen,1029.0,150.0
LF-13154-33135,Laura Fuller,240.0,29.0
JD-22677-38236,Justin Day,803.0,147.0
HR-21948-51628,Heidi Rush,17144.0,2530.0
AH-58805-13868,Anthony Hunter,1454.0,278.0
RG-63181-89424,Robert Garrison,529.0,103.0
RM-61376-43412,Rebecca Mccarthy,1894.0,285.0
CB-92688-55612,Clayton Bell,1535.0,293.0
CM-83669-31807,Cassidy Morris,425.0,106.0
MG-27585-13569,Margaret Gonzalez,7069.0,1222.0
MG-52005-45946,Matthew Gibson,9759.0,1508.0
KA-22510-75482,Kelly Anderson,10821.0,1994.0
JG-58597-77600,Jay Garcia,7493.0,1222.0
LP-43197-66143,Lauren Ryan PhD,2235.0,330.0
AW-80506-21236,Alexis Williams,1389.0,204.0
RB-18904-42471,Robert Brown,21431.0,3717.0
NR-23092-57064,Nicole Richards,12754.0,2524.0
SR-69314-39042,Samuel Roberts,544.0,43.0
JR-78902-74423,John Romero,7723.0,1463.0
WO-66871-67421,Wyatt Orozco,12276.0,2218.0
CC-57862-68392,Cassandra Cross,15115.0,2835.0
SH-92355-94959,Sarah Hall,449.0,60.0
JM-33052-53040,Jennifer Morse,10641.0,1444.0
JM-47723-87312,Jean Mcdaniel,5107.0,660.0
JW-45046-39844,Julie Wells,11529.0,2078.0
SC-94478-71178,Stephanie Clark,8917.0,1885.0
MR-59106-82004,Melissa Richmond,1080.0,171.0
AC-99444-62020,Adam Coleman,1611.0,385.0
KM-74618-16022,Kathryn Macias,8177.0,1464.0
TN-17993-49670,Taylor Nelson,9590.0,1721.0
BH-21720-10035,Beverly Harvey,152.0,32.0
MW-23653-91820,Michelle Wells,938.0,219.0
AP-71150-41288,Anthony Perez,12435.0,2465.0
JT-31555-92569,John Tyler,13165.0,2552.0
RK-16202-42675,Richard Knight,13784.0,2245.0
RL-40724-52063,Regina Lopez,20815.0,4763.0
JR-92363-81372,James Rodriguez,776.0,130.0
AN-80128-25000,Alexandra Nguyen,11728.0,2541.0
JF-62610-69303,Jessica Fisher,18070.0,2188.0
DW-68563-68848,Darryl Weaver,1910.0,400.0
JW-34223-30146,Jonathan Wilson,2524.0,332.0
PW-84846-57888,Pamela Wyatt,539.0,63.0
MS-92753-28603,Michael Sims,220.0,13.0
BC-82339-69917,Brian Campbell,1859.0,484.0
WP-33976-11270,Whitney Powell,2045.0,385.0
LJ-12005-31825,Lance Jones,478.0,82.0
AT-92206-40548,Ashley Thompson,130.0,15.0
EW-75511-70843,Eric Williams,925.0,73.0
BP-21038-43650,Benjamin Potts,280.0,28.0
RG-98938-34312,Robert Gonzalez,1213.0,130.0
DD-10441-44883,Dr. Christian Bautista DDS,5893.0,999.0
AS-49751-65297,Andrew Smith,685.0,123.0
MF-80018-74374,Mackenzie Figueroa,9517.0,1388.0
NR-52878-50815,Natalie Reed,9016.0,1827.0
JL-54704-63022,Jeffrey Lopez,159.0,42.0
CD-46106-17825,Cathy Davidson,459.0,72.0
BG-99708-81776,Barbara Gutierrez,375.0,35.0
DH-69526-57385,David Harris,220.0,35.0
KW-61197-84062,Kimberly Williams,1352.0,235.0
AM-52636-67832,Alexis Miller,321.0,57.0
TR-15506-38458,Tony Riggs,232.0,49.0
MJ-30715-86594,Mrs. Colleen Jones,5783.0,957.0
CC-20856-17313,Cody Cox,8662.0,1580.0
AA-90070-47133,Amy Allen,11590.0,1667.0
LJ-60633-84331,Lisa Jackson,10490.0,1822.0
JP-31297-80482,Jeanette Parsons,6721.0,919.0
ST-97902-24016,Susan Thompson,874.0,202.0
NS-60899-69215,Nathan Smith,542.0,78.0
LM-77694-94963,Laura Moore,194.0,26.0
DL-29175-50570,Daniel Lopez,10273.0,1446.0
BN-63799-25901,Brian Nguyen,8469.0,1630.0
BI-91239-13701,Brian Ingram,812.0,155.0
AL-76687-27387,Angela Lee,884.0,124.0
CE-68012-84191,Christopher Edwards,1042.0,159.0
CL-52909-90826,Chloe Lang,608.0,144.0
KH-53531-42749,Kevin Horn,6965.0,1027.0
CB-25879-61700,Cindy Baker,17445.0,3816.0
AT-89317-71064,Andrew Turner,9595.0,1418.0
SR-54633-50628,Sheryl Russell,595.0,67.0
SM-59984-87597,Susan Merritt,5151.0,659.0
CN-13747-43978,Catherine Nguyen,720.0,81.0
TB-24317-92665,Trevor Barrera,10710.0,1865.0
MC-29194-12427,Melissa Clark,10167.0,1917.0
DC-21055-36290,Derrick Cooper,10332.0,1693.0
HS-33263-72641,Heather Smith,7319.0,1432.0
SB-49150-58200,Susan Bailey,6826.0,1244.0
AS-45765-37108,Amy Stout,1068.0,162.0
RG-86635-21368,Rose Gutierrez,1331.0,155.0
RR-70804-41576,Roy Robinson,1175.0,236.0
BO-20586-11548,Benjamin Oconnor,1337.0,214.0
RW-95289-50982,Robin Wright,8030.0,1390.0
JR-72556-18254,Jeremiah Rasmussen,326.0,36.0
KH-24908-46860,Katelyn Hernandez,418.0,94.0
RJ-61404-29502,Russell Jimenez,16244.0,3053.0
JH-86009-23217,Jasmine Hicks,24194.0,3159.0
GH-74251-38506,Gary Hurley,7969.0,1311.0
JS-32872-96959,Justin Stewart,6903.0,1004.0
SR-64000-50337,Sandra Roberts,1423.0,209.0
AN-77748-65059,Amber Norman,7292.0,1394.0
MN-79460-37190,Mercedes Nguyen,13731.0,2934.0
BJ-81529-64800,Beth Jackson,24908.0,4991.0
CT-82361-13651,Crystal Thomas,797.0,152.0
GD-38034-88937,Gloria Dominguez,6383.0,1030.0
BS-39426-93958,Benjamin Sullivan,248.0,39.0
MM-84323-35029,Mariah Merritt,12473.0,2317.0
RR-10194-82429,Robert Rivera,16856.0,2471.0
LG-80942-75036,Luke Gonzalez,16002.0,2855.0
MC-39301-23668,Mr. Oscar Charles,6487.0,1312.0
PB-79826-61428,Penny Brown,742.0,79.0
JD-57429-57287,John Juarez DDS,1160.0,265.0
MM-88964-98418,Mrs. Suzanne Collins MD,4017.0,288.0
JT-67758-81599,Jason Thomas,457.0,100.0
GL-60679-37286,Gregory Lee,1777.0,382.0
KH-76554-35209,Keith Hogan,13956.0,2218.0
CS-24333-96567,Cindy Sims,495.0,109.0
JD-41924-42995,Johnny Dixon,10159.0,1840.0
CL-17332-56550,Clayton Landry,16403.0,3588.0
JL-14660-21871,Jennifer Love,9207.0,1800.0
TL-43118-92299,Tabitha Lewis,3592.0,519.0
JJ-84597-73336,Jacqueline Johnson,10356.0,2041.0
HB-35936-87243,Heidi Booker,5303.0,1086.0
HS-47431-11699,Heather Simmons,472.0,54.0
KB-41833-56481,Karen Berger,6012.0,1073.0
MR-56821-77731,Mr. Shane Robinson,7037.0,1001.0
BM-20609-93793,Billy Mcdonald,967.0,234.0
PM-28185-37993,Perry Moreno,9286.0,1611.0
RH-30972-12264,Roy Harper,951.0,137.0
BM-79852-43907,Brenda Mcfarland,14819.0,2799.0
AP-50010-32608,Austin Parker,278.0,39.0
TS-17540-14002,Teresa Smith,487.0,79.0
SA-46248-17168,Sean Abbott,6703.0,1108.0
KD-28999-68782,Katelyn Hunter DDS,8356.0,1552.0
TA-36859-84818,Tony Allen,496.0,90.0
HB-76248-67880,Heather Baker,9342.0,1522.0
DS-78854-13198,Daniel Smith,21746.0,3326.0
KJ-58513-53178,Katelyn Jordan,13228.0,3146.0
DF-38143-46873,David Farley,975.0,209.0
AB-71198-46830,Andrew Brown,295.0,47.0
AN-65036-34713,Anne Nash,11190.0,1988.0
AP-67507-62963,Allison Peters,17422.0,3636.0
NV-29997-54464,Nichole Velazquez,7112.0,1065.0
RB-41472-35862,Richard Brown,11123.0,2789.0
MJ-59701-65660,Michael Jackson,7372.0,1140.0
VF-13613-15486,Victor Fuller,23445.0,3379.0
BS-69755-86221,Brandon Smith,10611.0,1971.0
GG-92763-14052,Gerald Gallagher,668.0,105.0
KB-57188-49732,Kevin Bishop,8390.0,1532.0
AD-54621-73816,Amanda Daniel,8191.0,1347.0
MM-15302-79196,Martha Martinez,311.0,23.0
MC-71553-11823,Mary Casey,6995.0,1420.0
SC-69767-99009,Sara Crosby,17070.0,2754.0
MS-37071-89705,Mark Smith,9272.0,1244.0
TD-10275-19534,Tonya Duffy,7278.0,1154.0
AJ-95419-15051,Amy Jones,593.0,101.0
BE-47303-26244,Bradley Elliott,8763.0,1297.0
NT-65824-49870,Nathan Taylor,6086.0,1056.0
BD-26370-38738,Brittney Davis,13285.0,1604.0
BB-69063-40246,Brian Bradshaw,4077.0,1101.0
KR-10210-66639,Kathleen Richardson,87.0,6.0
CB-94517-10809,Cassandra Boyd,9160.0,1423.0
DM-21099-44503,Daniel Mcdonald,15417.0,3039.0
DL-15634-66095,Deanna Lawrence,13331.0,3047.0
MD-55057-69401,Morgan Dodson,694.0,93.0
SR-95189-53659,Sean Rivera,9758.0,1662.0
KR-19112-17978,Kevin Rogers,11047.0,1892.0
JJ-84888-37181,Jonathan Jones,2401.0,582.0
SS-25256-50777,Stephanie Smith,6885.0,1062.0
SM-64734-62519,Samuel Mcdaniel,789.0,171.0
DF-70742-20466,Dr. Gerald Freeman,16959.0,2733.0
JT-37527-28123,Jesus Tate,8119.0,1586.0
JG-72369-48530,Jennifer Gardner,8078.0,1701.0
HW-17123-19157,Heidi Weaver,793.0,146.0
CG-13908-44483,Cindy Gillespie,10021.0,1862.0
CR-20910-42576,Christina Rios,17518.0,3878.0
PG-58760-92306,Peter Gordon,11480.0,2093.0
RC-12549-52071,Raymond Christensen,529.0,27.0
RS-69934-25026,Robert Smith,9044.0,1711.0
TS-58669-49767,Toni Scott,7362.0,1389.0
SW-78318-39588,Sabrina Werner,8080.0,1295.0
KA-79186-56405,Kathryn Anthony,1501.0,331.0
LG-88976-33747,Lawrence Garcia,1211.0,207.0
DG-54389-81102,Daniel Gomez,6000.0,879.0
NI-27812-50027,Nicholas Kelly II,6437.0,1113.0
DB-82993-85853,Daniel Baker,9656.0,1693.0
TH-28445-20880,Tammy Harrell,524.0,83.0
TH-38234-11010,Thomas Hicks,544.0,68.0
JD-54411-15041,Justin Duran,334.0,70.0
SM-88307-72641,Steven Macias,1417.0,296.0
PR-36622-27089,Paul Rose,420.0,70.0
MR-93608-89170,Miranda Robinson,7202.0,1274.0
TC-93215-91091,Taylor Cox,797.0,162.0
SH-53833-61229,Sheri Harris,405.0,116.0
BP-51792-74706,Brian Parsons,374.0,63.0
EH-95114-70498,Elizabeth Horne,532.0,118.0
JD-90096-84149,Joyce Davis,3733.0,742.0
MA-23768-36356,Mark Anderson,974.0,167.0
MB-61143-16023,Michele Brewer,10071.0,1773.0
TF-78155-54373,Tony Friedman,8267.0,1747.0
MR-52905-81968,Matthew Reed,5303.0,953.0
MH-63777-43576,Margaret Hamilton,262.0,15.0
FC-57379-48271,Faith Contreras,11140.0,1905.0
CB-16535-70048,Caitlin Blake,7313.0,1301.0
SM-60050-23840,Sarah Miller,14715.0,1565.0
AS-95408-88848,Alexander Smith,10710.0,1869.0
JF-85440-87350,Jay Farmer,391.0,88.0
HK-61578-41920,Heather Kirby,15234.0,1539.0
BM-41220-87614,Benjamin Martinez,7932.0,1458.0
JD-92768-47263,Jennifer Duncan,14763.0,3084.0
KS-75617-81803,Krista Smith,8113.0,1421.0
LH-42171-75864,Leah Hernandez,1194.0,89.0
AR-83394-30787,Alejandro Rodriguez,5696.0,935.0
JH-45557-27426,James Hernandez,937.0,69.0
AB-18844-14029,Alexander Burns,2927.0,602.0
JM-31632-39830,Joel Mccarthy,6868.0,1150.0
BS-34803-53940,Brittney Smith,1486.0,296.0
HM-19856-57176,Heather Miller,820.0,151.0
WR-50942-55696,William Rice,7384.0,1165.0
TS-74694-35171,Todd Smith,194.0,58.0
MB-43052-60399,Melissa Boone,679.0,118.0
CL-74021-50917,Christina Lowe,1023.0,183.0
RB-71784-47221,Richard Bean,7612.0,1202.0
DM-41328-49427,Donna Marshall,114.0,23.0
JP-95459-72133,Joshua Phillips,2204.0,326.0
JW-13023-72689,Joshua Watkins,1910.0,418.0
BM-41913-25725,Blake Mccormick,482.0,126.0
KC-35510-16135,Katherine Cole,11374.0,2074.0
JH-43768-74268,Judy Hayes,634.0,135.0
RR-55359-64662,Ryan Richards,1025.0,227.0
CR-41161-43746,Christopher Richard,17177.0,3157.0
KC-45382-91242,Kimberly Colon,10115.0,1903.0
CD-15993-45305,Cynthia Bennett DVM,223.0,51.0
MJ-23483-41792,Michael Jones,18125.0,3741.0
GR-29083-91341,Gavin Rivas,6101.0,912.0
JW-57371-77311,Jaime Williams,11377.0,1733.0
JG-29968-31375,Jordan Gallegos,884.0,153.0
JH-70647-93462,Jeffrey Hurst,551.0,115.0
VG-74405-56980,Vanessa Gallegos,618.0,136.0
JP-34250-57514,Jennifer Powers,6428.0,998.0
DM-81314-54894,Danielle Mccarthy,2290.0,563.0
JM-17888-13546,Joseph Myers,848.0,105.0
BW-37584-72691,Beth Weaver,6074.0,1110.0
TT-58416-25825,Tracy Taylor,8555.0,1445.0
JJ-98176-76071,Jennifer Jones,7790.0,1280.0
JP-38374-14594,Joseph Powell,12483.0,2165.0
RM-85603-87462,Rhonda Mckinney,7086.0,1171.0
LW-62777-96638,Laura Watson,1443.0,222.0
JR-32115-18892,Jill Reese,668.0,137.0
KT-23628-68161,Kayla Torres,19134.0,3442.0
KP-27591-59268,Keith Patterson,334.0,54.0
RM-12060-82083,Randy Mooney,335.0,49.0
SS-74448-68992,Scott Smith,9245.0,1559.0
NB-58203-27248,Nathan Booth,273.0,58.0
CR-12533-92959,Christine Rodriguez,17692.0,3126.0
EJ-91595-65098,Elizabeth Johnson,548.0,109.0
NH-14724-26768,Natalie Hopkins,1257.0,318.0
KS-76466-56688,Kevin Salas,10588.0,1719.0
RL-90900-75356,Rachel Lin,1012.0,153.0
JK-11956-33594,Jill Kim,16398.0,3151.0
PC-13696-86943,Patty Campbell,8991.0,1562.0
SM-95721-76351,Stephanie Morris,1082.0,229.0
KR-70781-31406,Katrina Robinson,8289.0,1603.0
KM-42498-43189,Kim Mullins,135.0,16.0
JR-87562-47870,John Reyes,1044.0,100.0
MS-76238-78561,Melissa Sanchez,7575.0,1329.0
KC-95384-64418,Kimberly Carter,6074.0,1239.0
ST-59422-61052,Samantha Thomas,278.0,31.0
KP-25793-72681,Kathleen Parks,577.0,85.0
AC-85864-30556,Ariel Castaneda,8502.0,1386.0
SR-21198-22838,Scott Roberts,304.0,74.0
LS-30298-32653,Lori Scott,417.0,96.0
RJ-32276-70335,Raymond Jackson,697.0,197.0
JT-71950-16085,Joseph Terry,8396.0,1590.0
NP-19633-67820,Nathan Phelps,8020.0,1298.0
DJ-59041-43493,Danielle Jones,7474.0,1395.0
TK-69765-44917,Timothy King,9189.0,1518.0
HR-20905-31018,Hayley Richardson,897.0,155.0
MK-81815-85334,Melinda Kim,7090.0,1108.0
JT-83016-38408,Jared Turner,3959.0,795.0
DD-12715-10621,Dr. Cindy Dawson,6119.0,1053.0
CH-36839-80163,Charles Harris,10438.0,2250.0
RW-13780-69218,Russell Wilkinson,13214.0,2530.0
CB-16133-18045,Christopher Byrd,715.0,138.0
JN-55135-91398,Jonathan Nelson,6817.0,1172.0
RT-98088-36766,Ricky Turner,7995.0,1418.0
DP-85946-11596,Dennis Perez,8741.0,1919.0
SB-85034-77645,Sandra Bush,603.0,144.0
RH-22467-11569,Robert Hall,1262.0,143.0
RV-40434-73528,Rhonda Villarreal,1117.0,266.0
DT-90052-76160,Douglas Thompson,10146.0,1751.0
LC-64489-60823,Lacey Callahan,10387.0,1848.0
EC-78951-21830,Emily Cook,1921.0,350.0
RW-60127-72635,Raymond White,4151.0,605.0
AM-72249-10401,Ashley Mann,526.0,112.0
LM-70715-91384,Laura Mckenzie,9141.0,1718.0
TG-44102-79417,Timothy Goodman,4485.0,547.0
AR-90853-10688,Alexandra Roberts,220.0,17.0
TG-67489-44577,Tina Graves,9590.0,1572.0
MC-60233-27520,Mrs. Deborah Chambers,6346.0,973.0
MM-36566-93203,Michael Miller,15576.0,2000.0
JM-61634-64451,Joshua Martin,243.0,64.0
MJ-97244-72852,Mr. Raymond Jenkins,483.0,110.0
CJ-14018-34811,Carolyn Johnson,19673.0,4176.0
JO-22867-78827,James Owens,8357.0,1408.0
HC-67261-38320,Harry Cook,414.0,47.0
CH-21647-51107,Candace Harrell,2265.0,364.0
KP-76347-75310,Kyle Phillips,525.0,78.0
KS-78365-21761,Kelly Sanchez,4696.0,821.0
RJ-24616-15240,Ronald James,918.0,166.0
MS-21417-61096,Michael Stewart,10246.0,1729.0
MD-59597-25840,Michelle Dougherty,4067.0,543.0
DM-75112-53693,David Daniel MD,17842.0,3741.0
DN-26769-62026,Danielle Nixon,10507.0,1849.0
SP-59062-99839,Shannon Poole,12378.0,1855.0
WH-33881-14183,Wendy Holt,7778.0,1275.0
BR-36674-57228,Brittany Rodriguez,9519.0,1998.0
BS-10440-43639,Blake Salinas,14161.0,2923.0
RJ-77211-28291,Robin Jackson,11811.0,2034.0
PM-94476-79236,Patrick Martinez,1599.0,183.0
MR-93325-51934,Michael Robinson,1638.0,313.0
EN-16320-35022,Emily Nguyen,5864.0,1188.0
JG-79680-18397,Joseph Green,11410.0,1860.0
MN-34407-75435,Matthew Nelson,469.0,97.0
CH-29777-19145,Christina Hebert,6682.0,1337.0
JP-54389-50928,John Perry,7989.0,1364.0
KS-59990-23797,Kelly Smith,5152.0,888.0
SJ-86433-76754,Sean Johnson,430.0,107.0
EM-98037-24869,Emily Miller,2450.0,431.0
JD-75127-82586,Jacob Day,25312.0,4993.0
TS-81133-61842,Troy Schneider,73.0,8.0
KJ-34236-59494,Kenneth Jones,6952.0,983.0
RP-59155-26212,Robert Powell,8381.0,1368.0
SG-21541-11068,Stephanie Garrison,8307.0,1346.0
TB-43284-61503,Travis Bennett,15529.0,2644.0
MB-17076-64347,Ms. Kristi Beck,12143.0,2329.0
TS-99542-25638,Teresa Stanley,12664.0,2575.0
RC-40190-85403,Roger Crawford,17493.0,2932.0
MH-36850-77742,Matthew Hanson,14557.0,2365.0
ER-96933-72971,Emily Roy,11395.0,1820.0
JG-89751-77241,John Garcia,1153.0,279.0
AH-21435-36809,April Hall,782.0,135.0
MJ-67633-81714,Melissa Johnson,630.0,96.0
RN-69369-66649,Ryan Nguyen,6357.0,1249.0
YL-31508-91425,Yolanda Lopez,7062.0,1193.0
JM-42586-49751,Joshua Marshall,243.0,62.0
AM-94850-81053,Aimee Moore,676.0,102.0
NT-20829-31768,Nicole Tyler,7330.0,1307.0
EB-87947-51127,Eddie Brooks,23974.0,3917.0
RR-75125-31325,Robert Romero,9387.0,1502.0
SS-32942-37590,Sandra Schneider,60.0,9.0
DF-63409-66299,Douglas Flores,837.0,193.0
AB-57925-81390,Autumn Butler,20599.0,4185.0
KC-27680-17954,Kara Coleman,1098.0,92.0
LH-57540-66145,Louis Hernandez,215.0,14.0
VG-87879-42875,Victoria Graves,66.0,19.0
BS-49958-88452,Brandon Shaffer,10809.0,1894.0
CD-26172-75086,Candice Rodriguez DVM,458.0,104.0
PG-70476-17062,Pamela Guerra,9932.0,1597.0
TR-91978-37348,Tasha Rodriguez,1368.0,151.0
LL-37834-29239,Leslie Lewis,7578.0,1419.0
LP-50669-98759,Lindsay Phillips,8028.0,1128.0
CC-70597-33231,Christine Castillo,8492.0,1690.0
KA-48637-88039,Karen Adams,1476.0,426.0
TK-85207-66738,Thomas Keller,9785.0,1506.0
RH-11801-32112,Renee Hernandez,309.0,87.0
JW-74814-77675,Jennifer Wong,7506.0,1383.0
CR-42209-22676,Charlene Ruiz,10004.0,1689.0
BR-86334-89197,Bethany Ray,919.0,181.0
NW-56836-36927,Natasha Watts,1305.0,220.0
MJ-36929-39703,Mary Jones,844.0,101.0
SB-24386-67842,Stephanie Bennett,1039.0,193.0
DH-44788-12899,Douglas Higgins,16311.0,3026.0
KG-88006-16944,Kaylee Garcia,401.0,83.0
BT-46952-65010,Bob Thomas,19222.0,3418.0
JM-72956-18823,Joseph Myers,10817.0,1735.0
PR-90223-55106,Patrick Ramos,20248.0,4014.0
DD-66284-24796,Darlene Davis,8308.0,1526.0
TS-23677-91675,Thomas Stewart,580.0,117.0
FP-34102-61774,Frank Patterson,10490.0,1862.0
SL-69492-10682,Stephanie Logan,22844.0,4691.0
JN-37212-21239,Jared Nelson,269.0,71.0
AT-86673-58597,Adrienne Taylor,6148.0,1825.0
MD-50055-23302,Melissa Deleon,12211.0,2731.0
AC-75679-61538,Amber Castillo,133.0,18.0
SW-16809-16100,Samantha Wilson,6510.0,1084.0
MG-96383-48071,Michael Gomez,445.0,99.0
RB-78194-52561,Rebecca Baker,3075.0,758.0
WR-78010-31059,Warren Rich,1622.0,306.0
SH-43159-70560,Scott Hill,8024.0,1478.0
CW-50581-90891,Christina Wright,1130.0,179.0
PT-71759-75285,Patrick Taylor,452.0,113.0
JS-74623-50319,John Sellers,8695.0,1298.0
RP-33444-23502,Robin Powers,5860.0,974.0
BW-23087-88232,Brett Watts,1078.0,198.0
ES-34361-64739,Eric Sullivan,8778.0,2044.0
DD-76792-27200,David Davis,511.0,52.0
DR-52343-66250,Dawn Reynolds,8721.0,1481.0
SJ-14466-86379,Stacey Johnson,5789.0,898.0
SF-40358-89607,Stacey Fields,13671.0,2270.0
JT-56504-93454,Joseph Terry,1562.0,128.0
SB-10111-28787,Shaun Brewer,7946.0,1554.0
MM-54455-89865,Maria Morrison,2050.0,353.0
TG-48819-76640,Timothy Galvan,220.0,30.0
MM-31630-86957,Mr. Steven Gray MD,620.0,107.0
MP-37160-83783,Mrs. Olivia Horne PhD,2482.0,442.0
MB-36909-48431,Megan Black,10651.0,2045.0
JB-79995-50477,Julie Benjamin,440.0,41.0
GJ-28211-39869,Gerald Jackson,1181.0,147.0
SC-51614-66661,Sharon Carroll,11190.0,2023.0
CL-43091-75205,Christopher Luna,897.0,209.0
JW-54289-66953,Jacqueline Williams,6765.0,1269.0
MB-56032-15726,Michael Barnett,8982.0,1788.0
MD-40363-13959,Mike Dunn,12313.0,2137.0
JP-42953-70197,Jared Park,8163.0,1239.0
CM-36189-64793,Christina Marks,11112.0,2118.0
SR-26640-58164,Sean Richard,158.0,45.0
AS-93842-48687,Amanda Simmons,12267.0,2269.0
KM-45188-70718,Katherine Morris,12890.0,1782.0
LS-95116-52637,Louis Smith,9396.0,1827.0
SR-35818-44519,Stacy Romero,2234.0,486.0
KD-84654-99931,Kristen Davis,7610.0,1350.0
MK-84547-65030,Michelle Kirby,9886.0,1729.0
VS-64903-15157,Vanessa Stevens,6296.0,1168.0
RL-39990-91336,Rachel Lee,691.0,101.0
CC-60245-27298,Christina Carney,2402.0,359.0
WF-89205-44403,Walter Fisher,1179.0,154.0
SW-48459-77654,Sharon Wade,2642.0,427.0
DL-54077-94767,Deborah Little,812.0,136.0
GR-77829-29056,Gregory Rodriguez,1288.0,214.0
KB-23360-79095,Kristen Bell,859.0,149.0
LW-20663-57435,Lauren Williamson,9802.0,1639.0
TR-46899-67009,Thomas Rodgers,439.0,127.0
ME-91167-94595,Mario Evans,140.0,17.0
LH-50102-78667,Linda Huber,10875.0,1684.0
MW-69152-13368,Melanie Wade,6707.0,1060.0
DM-14281-91679,Daniel Miles,494.0,122.0
EM-17729-90709,Evan Mayo,5563.0,1196.0
IV-44702-63811,Ian Vasquez,5712.0,1088.0
BP-68969-65521,Brenda Parker,17905.0,2488.0
JM-45827-84516,Jordan Maldonado,10079.0,2094.0
VH-37147-52461,Vanessa Hill,230.0,51.0
PW-94619-98840,Patrick Woodward,13474.0,1781.0
DS-40483-70233,David Singleton,1818.0,254.0
MK-37268-16500,Matthew Kelley,10616.0,1960.0
GH-56462-99789,Gwendolyn Hartman,7042.0,1321.0
DS-55209-38426,Dawn Sherman,392.0,84.0
BJ-80180-66444,Brett Johnson,12701.0,2679.0
EJ-37576-46264,Elizabeth Johnson,506.0,68.0
VM-41832-48521,Valerie Myers,10335.0,2059.0
RM-38557-39076,Rebecca Murillo,7548.0,1101.0
LD-88964-35716,Laura Dillon,15096.0,2096.0
DO-66339-77513,Danny Oneill,727.0,103.0
BG-48443-80635,Breanna Garcia,947.0,254.0
JT-32832-85486,John Thompson,9608.0,1808.0
AW-76240-15944,Amanda Wilson,67.0,10.0
MB-91251-30265,Meredith Benton,18216.0,4140.0
SM-68313-66198,Sally Campos MD,10138.0,1699.0
SM-77630-23463,Stephanie Manning,1217.0,199.0
AJ-45650-68003,Austin James,809.0,155.0
RL-49765-11483,Robert Lopez,7237.0,1236.0
MM-41990-72310,Miss Courtney Ferrell MD,821.0,193.0
CH-77602-18551,Claire Hammond,6536.0,1193.0
CR-46423-40691,Caroline Rodriguez,8037.0,1102.0
MA-86269-12801,Mr. Manuel Anderson,13212.0,2101.0
WS-24550-49420,William Sanchez,531.0,102.0
JG-77388-50303,Jason Griffin,17841.0,2608.0
EL-47011-86063,Elizabeth Luna,6769.0,1346.0
TG-58766-93384,Todd Gonzalez,17325.0,2793.0
SH-15971-84341,Stacey Hernandez,15998.0,3397.0
KN-71629-22660,Karen Nelson,17371.0,3628.0
MW-21013-89505,Michael Welch,9908.0,2111.0
SO-86016-35189,Stephen Ortega,1247.0,292.0
CK-26709-96222,Cynthia Kelley,10262.0,1970.0
JM-43801-44743,Jennifer Mercer,15245.0,2869.0
LR-76131-26845,Lisa Richardson,426.0,78.0
DH-21608-28710,Deborah Horne,6591.0,1151.0
KJ-58743-97073,Kevin Johnson,5863.0,1019.0
JW-75470-76169,John Williams,10166.0,1699.0
KC-55982-38565,Kathleen Cox,11069.0,2145.0
KT-62061-69364,Kathryn Thomas,9281.0,1601.0
RR-16525-40153,Randy Reed,8707.0,1284.0
EP-25515-80022,Emily Powell,902.0,133.0
MC-35068-66906,Mr. Bruce Clark,7773.0,1431.0
SB-17101-96194,Samantha Brown,771.0,112.0
RP-19763-57454,Richard Perez,1254.0,287.0
MR-22873-53984,Michael Ross,7150.0,1325.0
EV-90720-49598,Elizabeth Villegas,1284.0,108.0
MH-33336-48592,Michael Hall,1043.0,230.0
SM-85371-32742,Sara Miller,130.0,18.0
MK-29685-50007,Michael King,1082.0,111.0
MM-30866-41529,Michael Shelton MD,10499.0,2230.0
SM-44027-16230,Shannon Garcia MD,616.0,104.0
RW-39743-18499,Richard Walker,300.0,84.0
LD-25716-14596,Lisa Dixon,559.0,127.0
RW-61544-79077,Robert Webb,5204.0,670.0
EW-44287-36716,Erin Williamson,10713.0,1850.0
LN-61016-17227,Larry Novak,12872.0,3180.0
HM-28993-96445,Henry Mitchell,19028.0,4651.0
MR-96244-72958,Mary Robertson,6715.0,1211.0
JK-52813-81578,Joseph Kim,12810.0,2445.0
CH-52761-32101,Carmen Huffman,16394.0,2243.0
LM-32347-62370,Lisa Mcguire,19282.0,3778.0
JL-14270-86148,James Lewis,704.0,127.0
KT-20402-83712,Katherine Terrell,7207.0,1408.0
DD-70668-52450,David Davis,863.0,128.0
TC-87983-20704,Timothy Chapman,10569.0,1936.0
RJ-34753-30965,Rebekah Johnson,13137.0,2169.0
DC-41166-26487,Derrick Cox,249.0,35.0
BJ-81730-77304,Brooke Jones,93.0,12.0
RY-70691-76823,Richard Young,215.0,28.0
CA-49992-60270,Christian Andrade,4651.0,760.0
AB-75843-23264,Alejandro Brown,891.0,180.0
AH-43947-94394,Amy Hill,771.0,110.0
BM-57274-44249,Brent Martinez,432.0,77.0
JY-60806-93675,James Young,1154.0,191.0
NC-66519-94872,Nathaniel Case,12982.0,2001.0
DH-27374-47590,Diane Hall,6325.0,1237.0
JB-19866-90296,Justin Brown,16252.0,2480.0
NB-30211-39165,Nicholas Bell,1163.0,248.0
MM-26006-27457,Mark Martin,422.0,46.0
TB-87978-93897,Tammy Bridges,15195.0,2884.0
JW-54062-22152,Jenna Williams,5716.0,1229.0
MW-37310-69815,Matthew Waters,181.0,32.0
MP-33539-95245,Maria Potter,603.0,83.0
SJ-57479-78485,Sarah Johnson,7972.0,2135.0
SW-40073-49269,Susan Williams,720.0,77.0
BC-37016-17778,Brian Cole,412.0,50.0
NL-68478-94804,Natalie Little,504.0,68.0
TE-16387-91546,Theresa Ellison,843.0,159.0
EW-49393-66935,Elaine Weaver,5590.0,1184.0
AR-92738-13853,Anthony Rivera,7208.0,1525.0
SW-90878-47642,Shane Williams,12920.0,2425.0
RS-76239-79326,Ronald Sparks,8341.0,1309.0
MM-33988-61714,Melissa Hobbs MD,10578.0,1971.0
CM-43717-30000,Claudia Martin,827.0,211.0
RS-77238-95210,Rebecca Simmons,15681.0,3003.0
RL-56916-57999,Robert Lynn,11018.0,2700.0
JT-27859-22929,Jamie Thompson,1728.0,269.0
NP-89952-18645,Nancy Patterson,1631.0,265.0
WW-40262-11628,Wayne Wright,4108.0,725.0
JH-50243-81557,Jeffrey Hines,554.0,114.0
CS-28882-75919,Christopher Sanders,4890.0,902.0
CH-89768-80301,Christina Hernandez,1254.0,232.0
AM-19016-59023,Anthony Mason,9728.0,1418.0
KS-34284-37915,Kiara Sanders,911.0,91.0
BF-63788-53091,Brooke Fields,3440.0,471.0
CC-16390-59117,Corey Clark,13771.0,2804.0
BD-37981-94601,Brandy Delgado,508.0,117.0
JW-67152-96293,John Williams,1180.0,134.0
AM-69369-73727,Arthur Miller,603.0,115.0
DG-66776-29802,Diane Gomez,240.0,45.0
KC-43671-11156,Kim Carroll,52.0,13.0
TW-35916-32877,Tyler Wilson,31188.0,4366.0
MM-17078-31349,Margaret Miller,655.0,111.0
AR-78302-94077,Angela Roberson,9481.0,1890.0
SE-14102-50686,Scott Esparza,1395.0,273.0
LB-87971-47046,Leslie Baker,9761.0,1621.0
NC-44629-96900,Nicholas Chan,13745.0,2694.0
DJ-97382-69446,Daniel Jenkins,12855.0,2617.0
AJ-19766-68996,Anthony Jones,542.0,106.0
MR-60085-23984,Mallory Rodriguez,620.0,100.0
KL-15241-90262,Kyle Lara,19333.0,4245.0
SB-82516-93364,Sarah Black,10419.0,1486.0
PM-34856-40629,Patricia Morton,657.0,170.0
MO-42969-39881,Mr. Keith Olson,628.0,117.0
CC-97028-75280,Cheryl Collins,821.0,158.0
CD-34550-46586,Carolyn Dunlap,936.0,114.0
RD-66730-34944,Rachael Davis,5924.0,891.0
TC-31957-22453,Tonya Cardenas,7632.0,1341.0
AR-51548-83782,Anthony Randall,142.0,14.0
KF-60150-67699,Kristina Fowler,11432.0,1757.0
SB-99569-53088,Scott Burke,10717.0,2049.0
AG-64153-94932,Amanda Grant,1958.0,493.0
MJ-17676-78999,Michelle Jones,11154.0,2285.0
JW-83259-12854,Jeremy Wallace,10692.0,1903.0
JD-69712-33225,Jennifer Koch DVM,9779.0,2065.0
TN-51205-64003,Tanya Norton,1227.0,171.0
MM-33853-56241,Mrs. Miranda Martinez,8411.0,1522.0
SB-64450-11394,Sarah Barker,7451.0,1508.0
KB-43269-74899,Katrina Brock,218.0,45.0
MT-38075-69337,Mrs. Erika Tucker,753.0,184.0
RM-37738-16816,Ricardo Mitchell,16705.0,3844.0
AA-75174-17106,Alexis Adams,19014.0,1942.0
KF-35977-86446,Kevin Fisher,7725.0,1292.0
CL-99012-57173,Cathy Lewis,2508.0,444.0
JS-58013-95703,Jesse Sims,267.0,53.0
AS-66703-71688,Andre Sims,689.0,128.0
WN-31278-94598,William Nunez,1754.0,335.0
VP-76380-27771,Virginia Perez,420.0,71.0
SJ-56205-85271,Samuel Juarez,1842.0,188.0
SE-34620-41313,Samantha Elliott,7132.0,1594.0
TP-28028-56426,Timothy Parks,7783.0,1306.0
TH-65810-55857,Timothy Hart,160.0,46.0
KC-80163-27940,Kimberly Cherry,716.0,78.0
MJ-40589-61125,Mario Jacobson,18632.0,3228.0
GM-75354-32745,Gregory Morales,498.0,60.0
RW-33362-28221,Robert Watson,1357.0,240.0
MD-79551-29621,Megan Davis,392.0,28.0
BM-76102-26216,Barbara Mason,1541.0,254.0
KM-14731-48731,Keith Morris,19363.0,2965.0
TR-24867-79110,Tony Ross,876.0,105.0
TR-22898-64735,Theresa Rodriguez,1387.0,208.0
TD-85776-18395,Taylor Daniels,4318.0,754.0
HM-24302-98574,Henry Meadows,8453.0,1410.0
MA-88497-65472,Makayla Andrade,9565.0,2004.0
KT-44416-48700,Katherine Thompson,1442.0,262.0
PM-69272-67265,Patricia Martin,608.0,57.0
GL-18984-29638,Gregory Leonard,260.0,74.0
AC-33118-19824,Alexander Cobb,6530.0,1017.0
RR-87809-33469,Randall Reyes,19969.0,3712.0
AM-39730-23453,Andre Mcguire,6815.0,1333.0
JS-86591-55239,Jennifer Sharp,174.0,40.0
EE-99901-44849,Eric Edwards,10179.0,2191.0
PN-76999-99837,Paul Nelson,1889.0,398.0
MH-92659-84989,Michael Harris,6306.0,1225.0
GH-78602-68177,Gabriela Hobbs,923.0,112.0
JA-98961-10617,Julia Arroyo,1468.0,320.0
GM-74528-47329,Gabrielle Montes,456.0,116.0
LH-68625-67457,Lisa Hughes,1126.0,277.0
TA-77538-68927,Tammy Acosta,854.0,115.0
HA-44884-17546,Heather Acosta,9790.0,1717.0
TK-70660-52716,Timothy Kennedy,357.0,64.0
MS-94496-78070,Marie Smith,1226.0,138.0
HJ-72553-77078,Harold Forbes Jr.,17600.0,2345.0
RB-75118-23285,Ruben Boyd,604.0,55.0
MW-32463-28125,Mark Wagner,403.0,65.0
MS-16918-22582,Mario Scott,25098.0,3402.0
AW-74621-64431,Amanda Warner,9339.0,1541.0
TD-53428-56348,Troy Drake,9285.0,1648.0
JA-97075-41749,Joshua Alvarez,10974.0,2145.0
CB-86753-44940,Casey Burgess,1126.0,220.0
JT-43224-84406,Julia Thornton,774.0,186.0
RB-22120-12219,Rebecca Burgess,12909.0,2142.0
CH-91246-96989,Charles Harmon,7519.0,1500.0
DP-86317-33541,David Padilla,457.0,57.0
MR-49699-13079,Megan Robles,11492.0,2133.0
CM-10775-88018,Caitlin Murray MD,8481.0,904.0
MR-32215-58665,Margaret Ross,7549.0,1476.0
JF-56965-61723,Jason Frank,754.0,148.0
KP-83847-64491,Karen Phillips,9865.0,1535.0
MW-23369-25625,Matthew Wang,21165.0,4783.0
TL-37974-75514,Tracy Lucero,9619.0,1672.0
CR-78413-58128,Carol Robinson,173.0,47.0
MG-31237-38269,Mark Garza,1308.0,267.0
RS-48906-34096,Regina Scott,10554.0,1564.0
AN-70818-66952,Angela Nguyen,6417.0,1038.0
MK-15022-63387,Mark Kim,854.0,144.0
JV-68876-35440,James Vaughn,995.0,179.0
RC-40614-51689,Ricky Chase,6119.0,1031.0
JD-84262-56776,Joshua Davis,6687.0,1039.0
DB-91340-11960,Daniel Beltran,8312.0,1428.0
AG-66686-25368,Alex Gardner,7254.0,1169.0
EC-76251-21521,Eric Clarke,670.0,125.0
KJ-71043-71962,Katrina Johnson,8907.0,1421.0
BS-63095-21840,Barbara Scott,5494.0,857.0
DR-16265-11114,David Richard,5333.0,807.0
JE-83575-87460,Jessica Evans,9537.0,1838.0
MM-73750-43888,Michael Marks,887.0,163.0
LC-93789-40764,Lauren Campbell,573.0,95.0
BW-26169-75961,Bruce Warren,9102.0,1643.0
MP-61643-35160,Mark Payne,12834.0,1948.0
TS-92223-45245,Theodore Smith,7768.0,1462.0
KS-54167-20806,Kristen Sullivan,528.0,79.0
EA-64873-97225,Emily Ali,81.0,12.0
RO-95067-46492,Roger Owens,7517.0,1476.0
AD-83278-24738,Amanda Davis,12746.0,1729.0
LB-38053-26053,Laura Becker,8028.0,1555.0
CF-35120-15726,Christopher Fox,4847.0,825.0
PM-62475-77468,Paula Mccoy,1494.0,185.0
AM-50690-59018,Annette Mccormick,837.0,109.0
AA-12516-36662,Anthony Andrade,12590.0,2303.0
GR-44646-12859,Gregory Ruiz,3265.0,673.0
EM-93193-85073,Eric Moss,4923.0,752.0
DH-45226-81172,Daniel Harrell,6256.0,1096.0
AJ-93492-88054,April Johnson,21941.0,2952.0
JC-62224-71711,Justin Clark,13086.0,2954.0
CN-23543-56558,Christopher Nguyen,1606.0,283.0
RT-20914-68134,Roger Thomas,6350.0,1201.0
GR-97593-53652,Gregory Russell,1241.0,305.0
KJ-56289-37473,Kaitlyn Johnson,9097.0,1618.0
JG-52180-92506,Joshua Garrison,188.0,52.0
CC-31557-20010,Courtney Cunningham,10130.0,1830.0
KP-41638-86401,Kristie Palmer,6731.0,1770.0
EM-88754-77938,Erik Moore,9022.0,1403.0
MT-18701-41044,Monique Thompson,22581.0,4591.0
JB-30757-51154,James Boone,14128.0,2373.0
SH-49339-58633,Scott Harrington,10624.0,1654.0
ST-91747-58573,Summer Taylor,1256.0,248.0
WB-17507-36427,Wendy Becker,164.0,41.0
MR-84331-96374,Megan Reyes,193.0,19.0
AL-19924-54594,Ashley Lopez,7294.0,1332.0
AA-56149-53126,Anthony Allen,655.0,142.0
HW-92781-37479,Hannah White,672.0,111.0
RC-44133-88034,Randall Cook,8405.0,1526.0
BB-27176-89917,Bradley Brown,179.0,34.0
DM-28483-72413,David Mckinney,413.0,57.0
MW-83040-57212,Mark White,418.0,73.0
NW-33063-23789,Norman Williams,10654.0,1945.0
KW-51172-95167,Kimberly Wright,1047.0,242.0
JH-96071-79566,Johnathan Hernandez,4893.0,781.0
CP-49280-40028,Christina Pierce,232.0,31.0
SC-37547-89798,Sarah Carter,17355.0,3479.0
LS-57839-92671,Lindsey Sullivan,167.0,29.0
JM-17109-20603,Jeanette Meyer,546.0,149.0
JR-55246-99059,Jessica Rubio,8408.0,1458.0
JR-24455-20148,Joshua Ramos,4514.0,907.0
JC-35906-66947,Jason Caldwell,1992.0,494.0
NJ-70547-64094,Nancy Jimenez,685.0,149.0
SR-60899-57984,Shannon Rose,6551.0,1099.0
AN-94015-33813,Allen Nelson,1111.0,164.0
RC-87242-66356,Robert Cortez,816.0,207.0
VW-83668-43973,Victoria Winters,8842.0,1405.0
MH-40821-22206,Miguel Hall,236.0,62.0
RL-18229-14137,Richard Lee,6738.0,1331.0
MB-53547-85925,Michael Burch,9581.0,1552.0
PG-59243-98357,Peter Gardner,8669.0,1819.0
JS-75288-26723,John Simmons,10349.0,1853.0
GW-98440-79937,Grace Watkins,7632.0,1387.0
NB-29060-44766,Natalie Bailey,8384.0,1610.0
RO-34004-59917,Richard Owens,7259.0,1338.0
SV-19179-45949,Susan Vazquez,260.0,76.0
CF-44232-14259,Christopher Flores,5461.0,929.0
CW-80201-64214,Cassandra White,10226.0,1965.0
SP-21141-93044,Steven Parker,294.0,70.0
MC-94331-76942,Melissa Castillo,7070.0,1108.0
DS-96672-84914,Dr. Colleen Smith,10753.0,1690.0
JW-81478-23085,Jessica Williamson,168.0,46.0
RF-15795-61014,Robert Foster,221.0,58.0
NL-64192-85026,Nathan Lopez,14418.0,2610.0
JM-32436-52552,Justin Martin,7122.0,1081.0
KL-58939-62195,Karen Lee,1001.0,225.0
EB-91150-31416,Edward Brown,18398.0,3197.0
CC-24629-40493,Christopher Cunningham,7892.0,1375.0
KJ-51517-88370,Kimberly Juarez,471.0,115.0
JA-20266-99742,Jason Aguirre,226.0,30.0
AB-16339-99083,Ashley Braun,9768.0,1174.0
RT-11919-73933,Robert Turner,14463.0,3480.0
DA-97864-65153,David Allen,7035.0,1290.0
KH-86104-81563,Kevin Howard,1248.0,177.0
TM-53281-82346,Tara Moran,562.0,41.0
KR-90973-20934,Kelsey Russell,3198.0,758.0
JJ-60516-84809,Julie Jenkins,186.0,26.0
JA-65252-33738,James Aguilar,7522.0,1619.0
MM-31170-77567,Martha Molina,1503.0,208.0
FM-74149-74400,Francisco Maxwell,9543.0,1893.0
DD-44816-41211,Daniel Davis,17593.0,4070.0
RJ-98723-72765,Ronald Blanchard Jr.,657.0,133.0
EC-41298-59936,Elizabeth Contreras,1133.0,218.0
DS-85655-20623,Danielle Smith,6999.0,1217.0
KD-80400-20067,Kevin Dorsey,12155.0,2199.0
ST-71186-84311,Steven Townsend,10335.0,1749.0
CR-60848-93149,Chelsea Rodgers,7286.0,1224.0
BA-28256-55002,Beverly Adams,1025.0,134.0
MC-58296-15157,Matthew Cruz,1054.0,159.0
MH-76979-93934,Mindy Hutchinson,347.0,46.0
CR-44428-92593,Carolyn Reynolds,246.0,64.0
SB-50447-82841,Scott Bryant,5456.0,978.0
PP-59430-78577,Patricia Pacheco,10066.0,1682.0
BE-80384-18892,Brittany Edwards,707.0,167.0
EH-75033-86211,Elizabeth Hernandez,442.0,71.0
LP-81816-96340,Lisa Price,771.0,140.0
TM-36051-79254,Tracey Mccarthy,23005.0,4200.0
DS-66100-48520,Diana Smith,2789.0,384.0
DM-17650-73365,Donald Miller,5281.0,1421.0
LG-69310-28321,Lisa Gutierrez,15324.0,2630.0
EA-75435-49921,Elizabeth Anderson,15623.0,3049.0
AL-69371-16140,Aaron Levine,9843.0,1846.0
DW-91690-91722,David White,1068.0,213.0
PD-79590-97945,Pamela Dickerson,13203.0,2931.0
JH-90600-26327,John Harris,6437.0,958.0
DM-60637-23533,Derek Mckenzie,542.0,58.0
KB-94449-96234,Karen Brown,403.0,115.0
SS-88627-83417,Samantha Smith,10355.0,1631.0
LD-92576-72326,Lori David,11183.0,1592.0
TE-43512-74841,Thomas Elliott,171.0,29.0
MN-35926-63607,Marcus Nunez,14648.0,2141.0
DM-23747-24169,Deborah Miller,6245.0,1032.0
KM-30569-30570,Kaitlyn Martin,793.0,157.0
KR-56135-15972,Kimberly Reed,10552.0,1967.0
HJ-69723-55884,Haley Jones,11901.0,2042.0
KW-13821-16360,Karen White,10018.0,1913.0
AH-35660-63247,Angela Hardy,350.0,101.0
JC-68792-86221,Jennifer Campbell,12075.0,1995.0
ZG-37114-78173,Zachary Gay,442.0,75.0
JR-44124-50341,John Riley,213.0,32.0
LH-15595-43467,Lindsey Hernandez,1231.0,221.0
TC-24726-36485,Teresa Cook,1045.0,102.0
KM-24969-38432,Karen Marshall,11634.0,1993.0
SV-80528-74449,Stephanie Vasquez,1744.0,421.0
MC-69678-30744,Maria Chung,7205.0,1322.0
JL-33818-25650,Jacqueline Lopez,875.0,134.0
MD-36982-16324,Mrs. Christine Dunn,10468.0,1873.0
NM-33675-56730,Natalie Williams MD,827.0,235.0
HP-98902-33324,Henry Phillips,453.0,65.0
WS-54905-23205,Walter Smith,19918.0,3632.0
ES-19776-26936,Elizabeth Stark,296.0,38.0
LR-33733-31401,Logan Robinson,10746.0,1135.0
RW-82681-11402,Rodney Wilson,828.0,156.0
DS-19582-81242,Douglas Singh,668.0,118.0
JS-82654-26416,Justin Sellers,422.0,95.0
JT-36245-38138,Julie Tate,8677.0,1457.0
SD-31391-32042,Suzanne Duncan,505.0,121.0
HA-93878-99483,Henry Arias,1362.0,215.0
JS-68648-16929,Joshua Stevens,6898.0,1194.0
CR-75052-25416,Charles Romero,6743.0,1260.0
DV-98104-55307,David Vincent,1097.0,160.0
TM-59307-41034,Tracy Martin,14635.0,2790.0
MS-49313-29725,Michelle Shields,871.0,167.0
MS-61891-41539,Maria Spears,1884.0,414.0
WP-21316-88793,Wesley Parsons,12649.0,2299.0
VC-73394-10097,Veronica Cabrera,745.0,152.0
TB-61803-76501,Tammy Benitez,422.0,102.0
DC-95399-50743,David Clay,303.0,54.0
KB-99521-11580,Krista Bridges,10840.0,2170.0
KS-65386-23172,Kimberly Smith,8533.0,1468.0
KG-93840-32276,Kimberly Gonzales,416.0,85.0
BM-78264-77912,Becky Miller,9444.0,1433.0
MS-14332-82678,Marcus Stevens,5923.0,1092.0
JR-35347-48442,Juan Rodriguez,8009.0,1264.0
DD-14244-66326,Donna Doyle,8458.0,1282.0
VS-40005-37089,Vanessa Schultz,7932.0,1504.0
BJ-27602-29821,Brian Jenkins,12265.0,2599.0
RP-68553-95285,Rebecca Perez,654.0,178.0
BR-67446-55113,Barbara Reyes,4765.0,771.0
NH-21473-81885,Nicolas Hurley,5314.0,809.0
JB-42821-15118,Jennifer Black,1148.0,207.0
JD-85790-41632,Joseph Donaldson,7386.0,1033.0
JR-59297-45570,John Rodriguez,679.0,111.0
DF-15901-79761,Debra Farrell,853.0,188.0
CH-87337-55246,Cynthia Heath,10803.0,1756.0
MJ-44762-45276,Michelle Jones,463.0,72.0
TM-64406-53416,Tyler Martin,15226.0,2314.0
RT-69453-12659,Robert Thompson,1299.0,250.0
DC-61215-20364,Danielle Cole,14570.0,2674.0
BB-26894-71612,Benjamin Burns,14715.0,2147.0
JE-14547-87844,Jared Espinoza,238.0,58.0
EM-33694-71929,Elizabeth Morgan,599.0,51.0
JK-86006-34817,Jennifer Kelly,796.0,95.0
RR-53565-57243,Robert Rice,10471.0,1657.0
DK-93719-73291,Donald Kaufman,331.0,99.0
RH-39856-11723,Renee Henson,606.0,172.0
MC-13709-78594,Margaret Cowan,900.0,246.0
MM-46222-69223,Maria Matthews,616.0,116.0
KH-35826-51606,Katie Hall,1306.0,243.0
AO-55874-55922,Ashlee Oconnor,5193.0,849.0
JH-90883-14291,James Howard,10537.0,1949.0
BR-62907-15664,Beverly Robinson,515.0,118.0
TB-17409-94749,Tracy Bailey,15419.0,2525.0
DD-44056-20926,Dylan Davis,8899.0,1475.0
CM-75555-76642,Christopher Mason,13388.0,3442.0
SG-77825-70792,Sharon Garrett,823.0,77.0
MB-39472-22996,Mariah Bradford,1047.0,148.0
DD-95233-43788,Daniel Delacruz,15042.0,2883.0
TS-37879-20654,Tara Smith,6614.0,1132.0
SL-34257-65477,Sean Larsen,6383.0,873.0
SB-86125-41631,Stacey Brown,7404.0,1436.0
CR-92084-68696,Charles Richardson,1004.0,226.0
RD-91102-43900,Ruth Deleon,7631.0,2136.0
CA-79062-54824,Crystal Arnold,11712.0,1927.0
MB-50261-80610,Morgan Bright,2045.0,367.0
NT-98349-65616,Nathan Thomas,4218.0,828.0
VG-94665-13446,Valerie Griffin,570.0,95.0
TS-67964-50411,Timothy Smith,12248.0,2427.0
PC-75149-29577,Patrick Castro,6629.0,1031.0
CF-63224-95791,Collin Flores,9351.0,1646.0
MW-88416-38630,Matthew Walls,317.0,62.0
TL-81817-43306,Timothy Lee,532.0,107.0
AG-17014-11720,Amanda Garcia,1583.0,281.0
PM-22852-84625,Peter Mccarthy,11934.0,2440.0
AC-40405-79113,Amanda Curtis,1580.0,365.0
SP-52820-67100,Samantha Porter,5581.0,943.0
MS-98576-36665,Michael Spencer,6002.0,572.0
LM-12623-78967,Lindsay Matthews,423.0,75.0
JC-16910-56327,Joseph Cox,498.0,147.0
KN-56130-74708,Kellie Nguyen,346.0,58.0
SP-83361-10217,Scott Proctor,405.0,51.0
DW-49996-98288,Dawn Williams,8949.0,1636.0
DM-18109-52005,Deanna Malone,1672.0,389.0
CH-19046-49365,Cheryl Holloway,9338.0,1752.0
AJ-65455-95223,Aaron Jensen,133.0,12.0
KB-66565-76870,Kurt Boone,1906.0,226.0
DH-70351-20778,David Harrington,6405.0,953.0
AM-49086-83050,Amy Moses,695.0,108.0
KR-96619-65947,Kelly Richardson,321.0,60.0
CC-87924-88675,Cynthia Conrad,1031.0,229.0
DP-82022-62593,Dakota Campbell PhD,17875.0,2425.0
JS-64792-62874,John Scott,6517.0,975.0
RT-24831-84796,Rebecca Taylor,8120.0,1356.0
DM-91495-37544,Daniel Moore,1062.0,161.0
KS-99480-64274,Kenneth Scott,15337.0,2721.0
DC-55022-46914,David Cox,333.0,40.0
BB-36779-81447,Brooke Beck,10129.0,1898.0
JF-53161-57059,Jill Flores,611.0,53.0
TL-50892-73535,Tracy Lewis,781.0,182.0
JS-33795-31646,Julie Smith,1356.0,338.0
AE-59464-30374,Amy Espinoza,6471.0,1080.0
MD-19966-36272,Matthew Dawson,7791.0,1208.0
JH-81634-88516,Julie Hernandez,11399.0,1769.0
KN-48623-91649,Karen Nguyen,108.0,10.0
NM-60423-94091,Nicholas Maxwell,273.0,39.0
TT-72933-11601,Thomas Tate,196.0,41.0
LM-45832-42022,Linda Moore,797.0,159.0
BG-62146-12382,Brooke Garza,20277.0,3100.0
HW-58923-63288,Harold Warren,901.0,233.0
AG-99720-59653,Anthony Gordon,18162.0,2665.0
JR-33635-64193,Jennifer Rowe,8282.0,1173.0
JC-37065-64944,Juan Carroll,8557.0,1550.0
BJ-48166-52708,Brandon Jackson,8263.0,1643.0
WH-16042-49283,William Holmes,17825.0,2404.0
AK-86238-56343,Alan King,5980.0,1036.0
EB-53913-17207,Elizabeth Ball,965.0,191.0
JH-59583-97924,Jacqueline Hanna,833.0,157.0
AO-61761-46483,Amanda Obrien,99.0,29.0
GH-38429-62194,Gregory Herrera,2324.0,354.0
SJ-39346-54132,Sarah Johnson,452.0,53.0
SP-73866-20754,Stephanie Prince,5243.0,709.0
MB-63223-74686,Mary Bell,207.0,59.0
JG-73308-48826,Jason Gonzalez,405.0,64.0
SJ-78181-17108,Stephanie Joyce,116.0,18.0
PM-32236-82394,Patrick Moore,199.0,60.0
DR-11939-98727,Daniel Rodriguez,14899.0,3255.0
JH-14879-53839,Jack Hoffman,2136.0,548.0
JM-26580-95433,Joseph Manning,301.0,79.0
KL-40940-83888,Katie Lee,357.0,103.0
JB-25194-75005,Jeffrey Brown,386.0,41.0
JD-11148-15726,Joseph Davis,6162.0,972.0
RS-34354-60771,Russell Smith,3983.0,741.0
JH-31555-22789,Jason Hamilton,955.0,192.0
MD-81960-86029,Michael Davidson,2192.0,365.0
LB-44773-74673,Leslie Banks,10541.0,1659.0
DM-63038-15262,Diane Johnson MD,611.0,65.0
SR-97834-34153,Susan Robles,101.0,15.0
JM-53266-50394,John Miller,1604.0,436.0
JW-13665-78178,Jay Williams,19509.0,2667.0
IW-10907-14092,Ian Wu,10730.0,1922.0
SK-60962-96263,Susan Kidd,2597.0,315.0
TJ-69887-34459,Troy Johnson,172.0,33.0
ER-86299-29266,Elizabeth Ramos,15861.0,2948.0
AB-55726-84942,Amy Bryant,9739.0,1860.0
CG-71033-50672,Christopher Gill,13165.0,1943.0
SR-68574-35380,Susan Richardson,8431.0,1535.0
TC-92078-17134,Timothy Cobb,9394.0,1940.0
KC-93517-14408,Kimberly Crawford,11639.0,2041.0
DL-63885-56178,Derrick Lopez,8170.0,1638.0
JR-41934-65268,Jerome Rodriguez,3857.0,636.0
GC-94061-85442,Glenn Crane,400.0,43.0
AM-33918-91613,Alan Morgan,9253.0,1250.0
NN-73995-28282,Nicole Newman,6368.0,1287.0
JJ-82778-43443,Jason Jones,6824.0,1210.0
DF-80447-68437,Devon Foster,13217.0,2145.0
DG-61841-23014,Daniel Graham,11484.0,1587.0
JJ-99768-81778,Joyce Jordan,8584.0,1389.0
MH-98750-70003,Matthew Hughes,1311.0,167.0
SM-91837-61504,Stephanie Maxwell,13436.0,2109.0
PB-48574-48169,Patricia Bennett,1615.0,355.0
AR-38737-95957,Ana Robertson,6902.0,1109.0
MH-18057-65455,Molly Hansen,718.0,160.0
MR-81258-22555,Mitchell Reynolds,20717.0,4203.0
KN-29325-22925,Kaitlyn Nixon,454.0,92.0
PB-49433-70968,Patrick Boyer,8808.0,1711.0
SB-36927-49400,Sandra Bailey,10531.0,1571.0
EM-26732-93646,Eric Munoz,311.0,46.0
WB-55236-25613,Wayne Bryan,7396.0,1179.0
JK-61259-96314,Jerry Kennedy,11000.0,1655.0
MP-21151-55041,Michael Perry,12218.0,2031.0
TR-93686-79576,Tina Robinson,584.0,102.0
MC-23506-64064,Martha Collins,8639.0,1840.0
AW-63050-28459,Alyssa Weaver,10667.0,1746.0
MA-97530-10615,Melissa Acosta,6553.0,1150.0
HS-53483-29167,Heather Schwartz,13656.0,1671.0
MM-34376-88055,Manuel Martinez,8650.0,1489.0
BW-98032-32482,Benjamin Williams,784.0,177.0
TN-44223-45100,Tyrone Norton,521.0,67.0
LB-99003-47255,Louis Barton,825.0,152.0
KS-67954-36702,Kelly Steele,471.0,63.0
AL-20099-94180,April Love,3546.0,566.0
WC-16252-27436,William Cobb,2207.0,171.0
SR-17554-38121,Scott Ramirez,14210.0,2666.0
AJ-90843-82227,Ashley James,993.0,195.0
AA-92450-60137,Amy Archer,18301.0,3730.0
HR-77774-49208,Harold Riddle,19505.0,4047.0
DC-56463-69842,Daniel Carpenter,8195.0,1573.0
KC-58092-26490,Kevin Chavez,1278.0,183.0
AM-15530-34238,Amber Mclean,1076.0,211.0
DM-23463-64660,Danny Myers,6984.0,1190.0
AF-29238-43966,Ashley Ford,9001.0,1536.0
EJ-13282-32622,Edward Jackson,3603.0,639.0
TG-87032-34431,Tommy Gates,312.0,64.0
EG-68194-96457,Elizabeth Griffin,685.0,161.0
CJ-68163-15317,Christina Jordan,16205.0,2539.0
JH-27063-25741,Jordan Hahn,891.0,137.0
MB-26132-81408,Michael Brooks,788.0,183.0
AM-23729-22234,Angela Massey,55.0,14.0
KJ-59185-63468,Karen Johnson,628.0,153.0
FB-88391-37973,Frank Baker,539.0,75.0
JJ-35733-10543,James Jenkins,6118.0,1084.0
JM-96905-60688,Jamie Mcclain,9601.0,1549.0
JB-42022-33767,Jeffrey Burnett,7641.0,903.0
SW-22739-55117,Sarah Watson,10680.0,1923.0
DW-70937-44846,David Waters,12299.0,1698.0
PJ-79724-70208,Paul Johnson,6108.0,1147.0
TD-68701-33002,Taylor Dickson,9768.0,1601.0
MG-78643-48347,Mark Gilbert,7494.0,1201.0
MB-42303-92666,Melissa Burnett,18856.0,3930.0
DW-36749-11153,Dawn West,1003.0,211.0
DM-61805-81985,Dr. Michael Bolton MD,217.0,48.0
MS-41873-93287,Monica Sweeney,6479.0,1123.0
ME-26600-23043,Megan Ellis,1062.0,210.0
DW-80357-16317,Dennis Weber,415.0,66.0
ZL-47517-64205,Zachary Lawson,1203.0,254.0
WC-72401-73635,Wesley Coffey,8600.0,1529.0
ES-99701-54817,Elizabeth Santiago,327.0,30.0
DD-39142-74016,Denise Davis,10560.0,1699.0
JJ-60990-20772,Jeffrey Jackson,13219.0,2151.0
DS-42120-17614,David Strong,7516.0,1239.0
EG-25674-87079,Elijah Garner,23852.0,3182.0
AS-48329-78489,Aaron Sims,366.0,73.0
KW-58761-35471,Kyle Weber,7771.0,1416.0
BW-50628-81665,Beverly Wilson,527.0,89.0
MK-10393-48215,Matthew Kennedy,9975.0,1491.0
TR-80403-81250,Tamara Ruiz,78.0,18.0
TS-56765-70567,Tara Sherman,6165.0,1154.0
SD-43733-91153,Susan Diaz,1179.0,280.0
HS-24911-82926,Hunter Stevens,1841.0,401.0
KF-97888-35546,Kimberly Freeman,14988.0,3408.0
GW-52292-19398,Gary Wilkinson,16200.0,3133.0
MH-35126-43511,Marcia Howard,701.0,138.0
RS-74503-38105,Randy Savage,14365.0,2040.0
KG-69190-10835,Karl Gates,701.0,104.0
JH-24619-18376,Joseph Hernandez,8493.0,1562.0
LR-59689-29384,Leslie Ramirez,7736.0,1438.0
TB-74616-32717,Thomas Boyer,1078.0,235.0
BB-24769-57542,Billy Becker,1223.0,286.0
JG-67183-10159,James Goodman,151.0,31.0
EM-41070-18782,Elizabeth Molina,2529.0,454.0
CW-36788-63357,Carol West,2530.0,576.0
MK-49416-99625,Matthew Klein,21297.0,4367.0
MH-96980-10304,Michelle Hardy,8036.0,1703.0
KW-89552-56824,Kara Walton,592.0,140.0
JS-18184-85080,Joshua Saunders,1144.0,235.0
JF-36113-80571,Jaime Foster,108.0,17.0
AS-28780-53679,Arthur Silva,8923.0,1491.0
GV-74186-11945,Gary Vaughn,223.0,27.0
JL-96773-90405,James Lane,212.0,24.0
LZ-90911-79771,Leah Zavala,16818.0,2770.0
GW-79457-54745,George Wu,1827.0,240.0
NG-19100-14135,Nancy Garcia,12708.0,1671.0
AM-16061-43935,Ashley Murillo,402.0,104.0
MD-74282-10915,Mary Delgado,10918.0,1610.0
MN-22628-83418,Michelle Newman,815.0,74.0
MB-68785-14793,Michael Boyle,5819.0,1073.0
RH-31014-73096,Robert Hernandez,6434.0,1122.0
CR-63417-81837,Charles Ramirez,920.0,172.0
CP-87930-52158,Christopher Peterson,16278.0,2026.0
KM-21159-62803,Kristin Crawford MD,1478.0,265.0
DC-13380-96285,Donna Castro,1694.0,279.0
NH-26662-92923,Nicole Hubbard,4558.0,846.0
WJ-80712-54895,William Jackson,13726.0,2504.0
LP-89296-56877,Louis Potter,1289.0,293.0
JL-80287-31500,Jeffrey Lyons,8721.0,1476.0
JS-82364-31397,James Smith,10609.0,2116.0
JB-35080-77191,Jamie Barnett,1033.0,200.0
ZA-56236-90340,Zachary Anderson,10535.0,1533.0
BT-42519-70318,Brittany Thomas,9163.0,1754.0
MS-96031-38860,Michael Smith,10621.0,1930.0
AD-69355-28301,Amy Davenport,1342.0,197.0
DG-55305-76206,David Gallagher,1380.0,309.0
MD-50535-31165,Mrs. Melissa Lewis DVM,203.0,26.0
KG-92307-94437,Kyle Gonzales,9346.0,1910.0
MP-61069-94048,Monica Palmer,374.0,82.0
JR-57537-75935,Jason Rodriguez,479.0,39.0
RP-30405-55062,Richard Padilla,3884.0,657.0
EM-25435-29892,Elaine Mendoza,520.0,104.0
BA-66287-61524,Benjamin Alvarez,1798.0,390.0
MT-59224-70882,Michelle Thompson,249.0,28.0
LC-17627-54716,Lisa Calderon,6337.0,1100.0
MK-79036-32245,Mark King,9851.0,1486.0
JP-24855-46781,James Peterson,420.0,63.0
JR-28829-73590,John Rodriguez,8856.0,1557.0
DG-42827-37090,Derek Gray,880.0,150.0
EA-60917-11405,Elizabeth Adams,6748.0,1175.0
RB-78548-19832,Ryan Bailey,750.0,112.0
ES-20230-71476,Evan Smith,10741.0,1894.0
MS-84158-99723,Mr. Nathan Smith,464.0,58.0
AS-69640-29636,Alan Suarez,5829.0,1161.0
JB-78956-23189,Jessica Brown,11015.0,1761.0
DB-20530-25420,Dana Brown,570.0,78.0
NW-37113-35437,Nicholas Wilson,251.0,35.0
JG-17425-36517,Justin Garcia,301.0,85.0
KM-85381-18821,Kevin Morrison,899.0,174.0
YB-86625-43083,Yvonne Barrett,460.0,64.0
VB-52237-72022,Veronica Bailey,9601.0,1687.0
AN-54341-79252,Aaron Nicholson,9386.0,1672.0
NL-58180-38823,Nancy Lin,9569.0,1695.0
BR-32704-32897,Brian Ramirez,716.0,89.0
AG-93117-19118,Anthony Griffin,23023.0,2503.0
MC-41323-93133,Marcus Clay,8919.0,1491.0
ZG-94396-32559,Zachary Gray,9841.0,1699.0
SF-65199-46471,Steven Faulkner,4429.0,1162.0
JS-45871-44638,Joshua Scott,7851.0,1242.0
CW-18326-11211,Carmen Webb,6462.0,1369.0
MP-22764-81266,Michael Pierce,6242.0,1071.0
KH-25450-81977,Kimberly Hanson,346.0,30.0
HJ-49667-97097,Hannah Johnson,616.0,71.0
DN-99601-78102,Dawn Novak,9299.0,1700.0
HB-42174-78028,Hannah Bennett,2324.0,451.0
DJ-16420-70986,Dennis Jackson,7262.0,1252.0
AB-28008-67731,Andrew Briggs,28244.0,5386.0
CW-57684-45047,Christopher Wilkinson,8028.0,1491.0
YD-84730-56487,Yvonne Morales DVM,689.0,147.0
SP-46971-86898,Sharon Pierce,454.0,66.0
KH-70764-59683,Katrina Hood,4998.0,806.0
TC-78128-98226,Theodore Cameron,1188.0,172.0
JB-92482-58676,Jordan Bryant,11673.0,1881.0
MC-80476-65131,Michelle Chapman,2041.0,437.0
ED-49912-20837,Elizabeth Delgado,610.0,83.0
KD-87430-18344,Kathryn Day,12190.0,1861.0
RL-50639-65959,Rachel Lindsey,9057.0,1484.0
DA-21935-10879,Darryl Ali,1203.0,114.0
EB-96653-76217,Emily Brown,7272.0,1311.0
MR-85395-26477,Mary Robinson,13339.0,2550.0
JO-45684-90818,Joshua Osborne,5109.0,741.0
TM-20307-16987,Terry Martin,381.0,80.0
EG-44601-66318,Emily Garcia,10536.0,1858.0
MW-47093-29681,Marissa Walker,16906.0,2688.0
MB-64832-58272,Melissa Blankenship,7478.0,1367.0
NY-87558-54668,Nicole Yates,396.0,79.0
EF-87394-25376,Emily Fowler,8562.0,1882.0
NK-52712-20453,Nicole Kelly,1548.0,204.0
GT-33199-83511,Geoffrey Torres,10600.0,2075.0
JC-60321-78075,Joshua Crawford,481.0,34.0
EM-28524-30309,Erin Marquez,10195.0,1794.0
RT-22410-63579,Richard Thomas,1718.0,363.0
JM-15447-61944,Jennifer Miller,8694.0,1466.0
EH-19502-41708,Emily Holt,7155.0,1428.0
KD-29758-40953,Kyle Cardenas DVM,7025.0,1202.0
AW-71886-81284,Angie Washington,425.0,88.0
HM-74538-64212,Hayden Martinez,653.0,108.0
RG-56533-54359,Richard Garrett,7511.0,1387.0
EA-67328-86239,Emily Anderson,8502.0,1543.0
MK-40472-25025,Mark Krueger,7942.0,1285.0
SR-44029-34991,Sharon Ramirez,1033.0,216.0
MH-47963-94851,Mary Hinton,10212.0,1896.0
AO-45507-24492,Amber Olson,18737.0,4192.0
RU-59715-88097,Robert Underwood,939.0,177.0
SR-51979-27746,Susan Rasmussen,1126.0,211.0
CS-42373-91781,Cynthia Short,9294.0,1849.0
KT-28739-17874,Kevin Torres,8658.0,1673.0
MY-82924-59272,Mariah Young,6623.0,843.0
BS-65069-53759,Bonnie Scott,527.0,141.0
JD-79410-72698,Julie Warren DDS,10120.0,1656.0
CP-31184-78446,Courtney Pacheco,5659.0,1194.0
CC-45011-56837,Carolyn Coleman,1542.0,445.0
JR-78620-81350,John Riley,7742.0,1378.0
DD-18718-17719,Donald Duffy,1570.0,393.0
BA-24141-88137,Bernard Alexander,86.0,6.0
HD-66980-56824,Heidi Davis,15960.0,2745.0
MC-21341-10667,Michael Castro,6269.0,1257.0
RE-73647-73119,Robert English,452.0,124.0
JW-94685-48488,Janet Wise,5714.0,1037.0
LL-53025-75567,Lisa Lucas,241.0,40.0
EW-38056-62970,Ebony Wilson,10688.0,1876.0
AW-94671-13352,Angela Wilson,7899.0,1281.0
PJ-59347-17718,Paul Johnson,13948.0,2693.0
NB-21680-93101,Natalie Bowen,13799.0,2009.0
RL-18669-64115,Robin Lee,7408.0,1265.0
JE-84217-48068,James Edwards,1913.0,332.0
TL-48425-74306,Thomas Lowe,110.0,29.0
WS-97079-18308,William Soto,1994.0,497.0
AB-10633-54224,Amy Butler,2572.0,554.0
TS-89668-32350,Tanya Sullivan,1380.0,319.0
MJ-96965-65773,Mary Jones,7719.0,1176.0
RA-85515-73737,Randy Anderson,8505.0,1609.0
MM-35762-63710,Mr. Gregory Mendez,346.0,25.0
TB-81546-83642,Taylor Baldwin,27867.0,4552.0
TK-60026-32354,Tanya Kaiser,5886.0,1069.0
